Plate_ID	Well_ID	Analyte_001	Analyte_002	Analyte_003	Analyte_004	Analyte_005	Analyte_006	Analyte_007	Analyte_008	Analyte_009	Analyte_010	Analyte_011	Analyte_012	Analyte_013	Analyte_014	Analyte_015	Analyte_016	Analyte_017	Analyte_018	Analyte_019	Analyte_020
ABC00001	A01	52	22	67	67	1	43	60	17	73	82	95	54	3	77	4	14	28	62	28	34
ABC00001	A02	66	6	47	11	31	46	2	58	73	19	77	30	75	13	54	15	22	9	17	96
ABC00001	A03	67	95	97	62	1	46	48	78	27	8	55	18	72	10	46	13	67	81	51	92
ABC00001	A04	82	78	51	53	69	15	42	32	0	96	100	26	21	66	71	83	80	71	1	48
ABC00001	A05	22	22	93	82	87	45	43	11	26	8	24	87	52	22	46	17	73	97	18	12
ABC00001	A06	32	1	3	9	50	13	47	53	94	88	14	6	58	20	0	66	39	4	0	25
ABC00001	A07	25	74	80	75	60	9	65	40	16	49	61	47	71	68	44	73	1	46	92	97
ABC00001	A08	75	62	39	42	86	71	80	79	14	18	5	70	94	37	46	48	54	58	35	45
ABC00001	A09	23	54	10	51	30	98	99	73	57	82	73	52	37	39	67	22	3	4	13	15
ABC00001	A10	38	88	15	56	48	41	92	64	29	68	67	23	38	23	99	89	30	64	41	18
ABC00001	A11	63	1	22	27	41	7	92	77	70	96	100	47	26	42	22	14	86	24	37	55
ABC00001	A12	90	20	43	75	63	90	70	50	9	62	53	61	98	5	62	78	94	87	64	66
ABC00001	A13	62	14	71	17	87	56	47	30	17	67	84	17	61	56	87	85	24	28	63	39
ABC00001	A14	64	54	99	77	26	42	79	47	16	13	22	86	3	34	95	57	53	73	63	29
ABC00001	A15	9	63	39	18	53	64	42	50	21	57	31	88	38	69	32	54	29	22	69	76
ABC00001	A16	57	91	72	72	46	32	51	3	78	42	48	30	5	75	19	5	83	82	16	84
ABC00001	A17	4	31	94	0	53	51	87	49	22	86	14	78	41	66	6	16	40	20	94	94
ABC00001	A18	74	27	20	39	81	51	60	29	86	65	10	74	14	98	100	2	96	78	56	42
ABC00001	A19	8	83	11	34	10	17	56	46	27	61	27	27	84	36	48	2	0	66	43	94
ABC00001	A20	51	67	52	84	71	57	17	61	28	94	65	81	13	69	85	32	15	71	67	6
ABC00001	A21	92	31	51	47	61	79	32	0	4	13	39	42	26	39	77	78	29	60	46	9
ABC00001	A22	49	61	15	46	45	64	8	44	96	42	24	37	37	35	1	65	10	82	81	66
ABC00001	A23	84	86	99	73	31	66	39	86	8	80	46	19	87	1	89	46	37	0	41	36
ABC00001	A24	33	51	51	39	5	21	42	5	33	27	76	46	92	46	27	37	57	53	75	54
ABC00001	B01	75	19	45	80	48	66	48	4	38	49	32	78	72	95	23	28	77	31	49	82
ABC00001	B02	87	35	55	38	83	97	94	98	38	55	93	4	55	10	51	60	30	64	69	61
ABC00001	B03	85	27	8	25	93	48	48	68	5	79	26	4	93	90	13	5	23	48	80	40
ABC00001	B04	32	64	80	14	36	47	80	1	11	41	57	55	68	58	21	88	18	8	86	10
ABC00001	B05	31	75	58	57	97	43	10	57	87	49	38	95	2	93	42	70	44	75	20	84
ABC00001	B06	52	74	78	0	34	31	100	5	74	88	85	65	83	52	44	88	71	36	88	86
ABC00001	B07	80	99	98	21	85	73	42	17	97	46	2	73	35	37	97	3	16	64	45	30
ABC00001	B08	78	24	82	88	65	15	26	68	93	34	11	25	59	79	33	56	61	45	91	59
ABC00001	B09	100	59	86	99	13	41	87	52	33	22	6	68	85	28	70	70	90	83	99	82
ABC00001	B10	82	25	24	19	58	98	1	44	3	69	34	4	91	11	94	73	91	98	52	20
ABC00001	B11	79	66	64	48	12	73	64	42	84	84	60	49	8	16	69	86	5	87	7	69
ABC00001	B12	36	48	56	51	54	23	47	47	77	24	9	86	37	84	77	100	69	36	82	22
ABC00001	B13	71	0	84	51	78	87	43	58	89	38	54	28	100	52	13	59	7	24	19	48
ABC00001	B14	62	81	42	29	82	100	39	15	0	25	77	1	2	41	38	69	69	30	5	0
ABC00001	B15	67	15	87	42	11	94	61	53	82	28	44	52	44	84	2	5	65	25	0	76
ABC00001	B16	82	80	11	45	28	95	59	19	56	33	97	77	84	14	45	36	32	58	23	19
ABC00001	B17	32	7	12	30	41	20	36	54	35	35	4	91	34	74	39	61	60	55	61	85
ABC00001	B18	4	87	12	20	55	70	24	89	39	59	41	85	99	98	5	53	79	30	62	36
ABC00001	B19	38	92	23	7	40	37	35	90	78	97	65	18	15	35	76	56	16	15	32	69
ABC00001	B20	36	93	94	81	30	49	79	93	97	29	64	5	90	89	5	75	67	83	57	56
ABC00001	B21	47	31	41	33	6	7	28	4	19	100	16	90	82	0	0	81	86	5	74	73
ABC00001	B22	63	37	77	61	24	61	24	21	21	48	85	72	8	51	13	67	42	26	65	61
ABC00001	B23	77	86	61	99	65	98	2	58	12	83	59	99	30	55	42	31	32	26	65	69
ABC00001	B24	77	52	60	92	21	8	92	96	26	72	4	79	31	84	38	81	79	86	35	43
ABC00001	C01	0	55	47	99	22	30	28	16	91	44	64	30	23	13	72	59	36	56	69	19
ABC00001	C02	79	6	11	76	89	44	48	11	55	5	100	79	95	6	82	93	23	63	10	70
ABC00001	C03	76	14	31	23	9	27	35	14	62	100	65	20	46	42	30	52	70	66	41	20
ABC00001	C04	17	37	6	18	95	93	2	46	78	87	94	51	46	98	57	10	75	0	71	1
ABC00001	C05	72	10	38	8	18	11	74	41	91	47	80	3	78	8	46	87	71	87	64	82
ABC00001	C06	91	47	88	31	57	99	51	65	49	71	55	83	95	90	23	9	19	83	86	74
ABC00001	C07	47	95	2	25	89	88	87	24	4	6	75	28	54	10	25	98	96	59	98	91
ABC00001	C08	85	29	39	28	95	16	58	64	63	66	68	43	54	41	30	29	29	3	9	85
ABC00001	C09	95	31	61	9	2	56	84	96	96	82	50	91	89	24	74	9	97	98	70	66
ABC00001	C10	35	90	20	98	0	15	37	68	16	2	50	93	73	38	46	61	56	10	12	59
ABC00001	C11	70	0	11	47	68	58	20	78	76	77	66	49	49	13	7	16	47	26	1	38
ABC00001	C12	9	4	14	77	60	68	35	30	52	36	47	86	84	5	49	44	55	77	39	3
ABC00001	C13	91	69	57	78	97	25	19	83	62	50	84	49	73	29	38	65	17	52	71	17
ABC00001	C14	19	95	75	69	43	22	88	79	95	90	77	27	71	94	40	12	71	34	77	32
ABC00001	C15	17	82	37	19	35	59	38	88	96	18	84	90	4	66	82	33	68	5	37	21
ABC00001	C16	65	21	54	97	66	61	62	35	28	70	74	36	36	33	74	85	75	37	48	65
ABC00001	C17	7	48	11	5	33	91	73	68	58	24	40	75	95	59	23	39	53	5	34	72
ABC00001	C18	81	100	56	58	22	73	39	62	89	72	77	72	37	57	26	47	28	87	48	46
ABC00001	C19	28	61	83	3	50	73	42	46	97	23	78	30	72	15	94	57	80	55	95	33
ABC00001	C20	41	21	25	31	53	33	50	15	72	95	94	10	19	27	76	36	15	52	17	15
ABC00001	C21	81	22	49	23	51	85	22	5	22	7	38	39	79	73	82	8	5	69	38	0
ABC00001	C22	31	16	23	96	36	4	17	51	38	69	94	17	5	81	21	66	11	9	72	67
ABC00001	C23	92	23	34	60	9	61	62	33	62	8	1	43	1	18	4	42	81	45	24	84
ABC00001	C24	43	0	49	38	99	46	79	78	4	6	12	34	66	87	55	15	92	95	15	27
ABC00001	D01	64	21	72	74	81	43	4	4	81	61	73	37	71	85	88	80	61	22	55	40
ABC00001	D02	78	93	54	54	91	73	16	43	85	79	74	23	90	42	59	26	37	94	2	84
ABC00001	D03	13	96	11	59	55	38	65	13	83	92	80	4	47	7	6	84	100	37	97	0
ABC00001	D04	63	1	78	11	54	89	33	38	85	89	100	98	97	44	18	33	33	97	34	89
ABC00001	D05	7	12	60	22	20	17	23	95	30	78	26	13	21	76	50	61	73	93	75	18
ABC00001	D06	55	50	51	85	34	42	8	91	4	23	79	58	9	38	4	29	92	26	28	47
ABC00001	D07	27	38	15	23	92	23	91	37	77	92	36	34	82	42	51	14	6	75	36	76
ABC00001	D08	17	15	25	8	11	62	70	28	13	86	86	38	51	14	2	69	54	79	48	49
ABC00001	D09	61	93	18	20	77	59	36	71	22	44	86	93	3	54	75	92	25	93	6	72
ABC00001	D10	22	49	39	14	6	53	0	2	21	25	94	10	69	69	21	41	52	88	87	98
ABC00001	D11	50	94	18	32	60	52	74	15	85	10	41	48	20	67	19	29	66	20	6	55
ABC00001	D12	12	48	91	94	46	68	12	66	47	8	34	42	82	37	23	89	15	17	42	69
ABC00001	D13	85	43	41	34	29	73	60	30	68	4	13	17	81	16	80	74	46	88	38	80
ABC00001	D14	60	17	85	18	32	97	41	53	77	14	27	33	7	85	57	73	39	22	44	87
ABC00001	D15	43	80	56	78	24	43	54	45	76	77	46	56	45	26	79	55	78	38	98	92
ABC00001	D16	9	16	51	86	73	52	42	48	54	29	25	78	1	100	52	25	69	13	72	43
ABC00001	D17	10	34	11	18	28	8	23	30	85	34	24	95	80	12	15	12	18	45	0	86
ABC00001	D18	39	95	84	7	72	94	98	15	85	55	80	22	54	52	4	3	53	62	47	34
ABC00001	D19	54	63	96	91	7	25	45	86	90	15	45	82	44	77	41	20	17	56	79	50
ABC00001	D20	23	100	29	2	38	91	47	27	82	96	88	7	40	100	36	32	0	91	81	86
ABC00001	D21	38	1	30	41	92	88	81	65	82	18	5	20	86	68	81	83	76	11	81	26
ABC00001	D22	64	7	21	38	48	98	92	95	27	67	51	74	87	0	84	60	13	86	76	40
ABC00001	D23	48	57	68	57	71	24	5	71	48	33	96	73	74	77	31	56	42	48	4	13
ABC00001	D24	85	64	48	14	24	22	35	73	26	73	70	58	62	88	24	45	4	40	73	5
ABC00001	E01	31	2	98	62	34	49	39	28	38	85	80	31	41	6	20	71	43	13	58	46
ABC00001	E02	36	85	15	53	30	88	74	44	64	3	44	72	83	80	74	84	35	64	10	26
ABC00001	E03	69	32	84	15	43	98	33	25	67	73	80	41	33	52	13	55	33	24	27	59
ABC00001	E04	97	14	23	40	18	39	20	10	93	82	24	2	29	50	44	24	35	53	89	86
ABC00001	E05	48	49	97	34	48	73	86	10	17	20	79	99	29	66	51	70	54	81	73	97
ABC00001	E06	79	91	5	79	23	9	65	76	86	98	70	20	24	13	80	71	95	13	51	86
ABC00001	E07	25	79	33	54	79	10	28	78	76	9	38	88	58	16	2	25	65	70	62	30
ABC00001	E08	61	91	12	6	39	57	90	52	40	31	88	55	59	9	0	8	90	87	23	6
ABC00001	E09	60	84	3	1	57	44	32	87	68	29	24	97	89	36	73	24	14	60	75	68
ABC00001	E10	92	94	11	42	89	64	89	89	100	67	39	76	44	19	82	23	41	41	36	49
ABC00001	E11	87	40	27	15	94	72	80	66	0	76	0	7	46	90	29	79	69	53	4	18
ABC00001	E12	85	67	56	94	60	65	52	97	9	31	36	33	62	96	40	33	48	89	93	28
ABC00001	E13	18	30	75	94	76	53	4	54	71	68	6	92	72	44	50	74	49	51	3	72
ABC00001	E14	4	66	31	27	35	96	7	25	63	94	45	4	18	88	75	97	30	9	26	29
ABC00001	E15	25	13	10	92	5	70	72	71	95	43	86	62	81	23	40	51	49	95	20	27
ABC00001	E16	97	41	5	71	2	49	40	90	95	33	68	44	88	11	6	49	100	99	70	22
ABC00001	E17	61	38	0	43	54	19	19	29	20	59	7	21	53	51	57	10	43	86	61	90
ABC00001	E18	55	15	0	23	6	81	85	64	72	71	29	24	42	75	23	96	7	85	57	66
ABC00001	E19	88	29	16	16	15	20	58	76	41	43	89	7	49	81	95	99	24	21	61	34
ABC00001	E20	71	17	32	85	75	38	41	85	1	57	49	9	3	25	7	11	32	98	70	42
ABC00001	E21	9	24	46	91	15	27	75	55	8	20	23	94	53	70	57	71	16	42	42	54
ABC00001	E22	49	16	38	56	69	34	67	39	83	84	91	5	91	66	8	54	95	82	24	88
ABC00001	E23	58	24	16	46	94	10	19	11	48	63	59	8	55	13	68	71	50	98	81	34
ABC00001	E24	99	21	42	41	81	6	47	11	94	71	1	27	75	50	44	29	63	84	12	54
ABC00001	F01	55	45	78	30	76	82	11	22	70	1	63	93	26	95	22	30	36	50	79	25
ABC00001	F02	87	92	70	1	74	84	34	35	7	76	76	49	47	27	56	5	58	2	37	66
ABC00001	F03	38	77	63	84	44	70	8	26	11	71	31	43	74	11	66	66	63	24	43	28
ABC00001	F04	29	50	2	77	95	10	13	23	94	11	96	98	1	27	23	73	93	31	71	24
ABC00001	F05	24	43	50	1	1	99	87	5	40	18	17	57	2	66	3	17	53	4	9	49
ABC00001	F06	26	42	70	14	39	64	67	86	13	2	63	62	24	33	31	15	43	28	44	20
ABC00001	F07	96	97	92	46	96	48	80	38	41	77	2	48	12	63	41	57	89	89	77	45
ABC00001	F08	20	11	27	39	5	65	38	32	33	11	21	99	62	13	36	100	53	29	43	96
ABC00001	F09	8	93	26	43	68	25	31	100	38	51	38	93	4	59	35	10	54	32	8	37
ABC00001	F10	87	1	33	74	23	89	87	38	77	39	73	33	81	87	28	91	70	64	85	47
ABC00001	F11	21	56	81	22	27	65	22	7	50	98	19	6	67	31	51	97	58	48	97	58
ABC00001	F12	96	17	69	56	20	34	1	62	87	78	74	43	89	45	81	97	24	32	19	16
ABC00001	F13	38	61	2	36	81	0	4	49	32	0	45	1	52	21	84	56	100	23	81	70
ABC00001	F14	68	83	15	81	53	63	0	11	100	29	20	50	54	27	20	43	62	1	46	35
ABC00001	F15	100	100	75	68	92	32	42	46	41	90	29	65	74	1	65	51	18	94	76	32
ABC00001	F16	18	50	50	81	91	9	51	9	65	79	94	39	23	39	62	51	46	73	36	27
ABC00001	F17	39	82	43	82	51	0	73	8	43	5	22	13	96	81	75	80	94	8	13	91
ABC00001	F18	59	97	19	79	32	48	99	66	42	22	14	30	93	28	76	79	90	70	87	16
ABC00001	F19	91	2	69	79	44	95	83	79	75	84	38	89	10	97	60	35	77	59	77	45
ABC00001	F20	0	26	28	28	79	69	17	77	33	3	40	26	80	48	14	95	36	20	59	0
ABC00001	F21	5	6	86	4	69	32	90	85	4	83	96	69	70	13	59	11	20	82	36	69
ABC00001	F22	55	52	43	1	60	4	84	100	15	51	84	49	40	7	62	68	50	93	33	72
ABC00001	F23	58	17	45	85	49	20	52	69	64	3	20	20	79	41	24	14	67	9	40	25
ABC00001	F24	2	71	24	13	75	25	68	84	40	87	56	62	2	59	94	53	66	44	84	60
ABC00001	G01	37	24	2	29	57	32	99	94	50	98	59	55	99	100	64	93	80	18	93	87
ABC00001	G02	24	54	76	44	26	92	22	5	36	20	67	96	34	17	88	95	98	62	63	80
ABC00001	G03	72	17	17	47	1	98	72	81	0	28	83	1	42	83	23	82	99	33	65	96
ABC00001	G04	34	49	31	13	60	70	75	38	56	58	7	100	61	53	70	37	14	95	0	92
ABC00001	G05	100	71	19	66	77	61	77	24	52	51	59	59	80	94	20	23	12	42	13	70
ABC00001	G06	34	45	3	86	27	20	16	22	6	92	61	52	63	50	26	61	85	84	1	40
ABC00001	G07	92	58	29	69	12	63	95	53	52	80	90	8	33	30	36	59	76	36	56	25
ABC00001	G08	95	53	23	43	30	90	5	47	66	95	50	33	25	93	82	25	35	9	27	50
ABC00001	G09	13	53	36	92	41	1	88	5	60	50	69	6	48	74	58	72	82	50	31	79
ABC00001	G10	92	83	3	63	78	74	83	45	10	35	82	23	40	17	53	48	15	72	45	70
ABC00001	G11	61	52	81	26	94	5	3	53	37	61	47	42	11	39	31	14	35	60	75	89
ABC00001	G12	43	49	34	39	38	37	76	25	92	11	56	27	64	32	35	7	16	62	77	27
ABC00001	G13	47	13	34	61	91	67	75	49	67	52	74	45	25	20	80	99	17	22	44	60
ABC00001	G14	100	2	64	12	34	73	29	65	97	98	3	3	47	40	47	90	48	59	20	83
ABC00001	G15	53	32	56	31	34	13	85	36	26	85	7	66	99	14	95	89	17	72	13	73
ABC00001	G16	67	36	73	95	4	86	5	14	44	11	14	33	33	61	46	0	20	83	49	64
ABC00001	G17	6	91	58	78	14	26	71	97	49	71	97	60	86	98	11	42	98	80	89	18
ABC00001	G18	25	14	78	24	72	44	74	1	74	47	86	61	52	45	35	26	28	59	44	19
ABC00001	G19	76	43	86	14	61	78	35	27	67	87	39	100	60	37	64	96	8	97	76	84
ABC00001	G20	84	53	93	50	2	63	74	14	93	52	69	50	37	5	60	41	21	5	31	71
ABC00001	G21	82	53	5	95	21	29	10	100	79	75	58	46	2	34	95	82	39	57	68	53
ABC00001	G22	46	21	93	86	86	35	31	34	57	75	18	75	93	75	85	41	23	67	64	67
ABC00001	G23	44	43	22	51	71	96	7	57	68	35	19	57	51	76	76	67	33	32	90	0
ABC00001	G24	48	87	74	8	70	19	4	53	77	68	5	48	38	1	45	62	24	89	95	64
ABC00001	H01	25	33	85	64	49	13	26	52	50	76	79	6	98	90	14	98	63	26	2	98
ABC00001	H02	85	48	96	84	74	39	57	14	5	33	6	45	73	23	39	69	69	4	47	80
ABC00001	H03	83	92	81	10	64	43	72	92	67	82	40	66	4	20	100	48	91	74	65	51
ABC00001	H04	83	16	32	79	36	17	70	71	33	1	53	99	81	75	90	68	83	41	85	84
ABC00001	H05	22	87	13	32	18	92	17	7	16	48	47	6	63	0	46	73	0	93	58	52
ABC00001	H06	14	58	9	38	74	3	71	79	88	16	38	90	61	0	17	75	97	63	12	40
ABC00001	H07	13	40	99	46	11	93	60	51	76	15	18	6	70	70	38	75	55	18	79	19
ABC00001	H08	1	26	90	64	5	51	22	23	40	42	82	95	98	92	60	69	69	90	47	39
ABC00001	H09	6	33	55	43	60	66	16	61	46	11	95	26	33	37	57	4	88	10	72	65
ABC00001	H10	23	51	77	47	19	58	34	30	31	34	41	65	24	45	62	18	64	56	62	55
ABC00001	H11	85	14	32	71	86	53	67	44	20	51	14	6	46	69	34	20	24	67	87	43
ABC00001	H12	70	54	72	70	28	59	6	48	96	93	13	69	100	81	20	58	67	53	55	44
ABC00001	H13	39	80	51	29	35	37	46	20	63	22	93	11	64	79	32	43	77	46	4	56
ABC00001	H14	99	78	76	56	39	3	86	79	36	67	38	77	65	43	11	26	1	9	82	3
ABC00001	H15	12	19	83	69	13	25	81	28	87	42	55	55	39	80	14	55	82	45	67	39
ABC00001	H16	21	66	6	89	39	70	72	23	81	88	67	27	58	31	4	14	84	15	98	99
ABC00001	H17	14	16	58	65	61	61	81	25	0	3	28	66	99	7	68	49	19	37	61	42
ABC00001	H18	67	20	3	7	26	66	38	64	70	93	76	70	35	38	53	63	59	38	7	81
ABC00001	H19	49	2	24	44	11	95	85	92	47	100	22	5	63	24	43	93	66	76	56	61
ABC00001	H20	95	32	99	34	14	47	74	67	32	10	72	21	98	70	42	49	60	76	33	97
ABC00001	H21	84	7	81	100	3	79	57	14	72	97	0	43	25	97	50	24	3	17	41	95
ABC00001	H22	82	12	86	3	25	68	7	75	62	16	45	12	39	5	49	65	5	84	66	80
ABC00001	H23	29	91	92	28	68	48	77	31	62	86	94	43	66	61	99	20	36	28	47	16
ABC00001	H24	95	92	55	97	14	88	79	32	77	22	63	75	16	31	42	58	69	48	52	18
ABC00001	I01	99	51	6	23	52	40	29	58	59	60	86	54	81	73	37	74	78	39	46	78
ABC00001	I02	12	48	70	54	85	52	56	3	10	100	0	52	0	0	13	8	64	64	3	82
ABC00001	I03	25	67	35	73	48	45	71	53	36	90	100	75	44	54	75	96	25	94	51	68
ABC00001	I04	39	57	21	67	62	5	32	6	28	29	73	57	11	99	15	89	81	86	29	73
ABC00001	I05	86	43	18	99	14	43	4	68	43	89	8	49	4	14	63	78	35	56	3	90
ABC00001	I06	14	59	72	43	14	91	32	56	38	14	75	70	5	49	21	4	37	14	93	82
ABC00001	I07	14	27	35	89	7	82	71	5	87	86	44	73	54	41	57	93	13	51	11	69
ABC00001	I08	33	10	57	54	62	27	79	26	64	70	1	2	98	95	85	40	19	59	84	97
ABC00001	I09	3	40	29	29	93	69	2	30	90	7	11	20	51	13	15	57	36	45	72	99
ABC00001	I10	16	76	81	42	76	8	73	10	70	7	90	87	80	57	13	53	87	35	24	90
ABC00001	I11	54	67	69	44	97	50	50	61	67	75	10	19	68	42	51	20	99	53	73	66
ABC00001	I12	90	93	51	89	64	65	16	71	19	81	9	92	48	30	23	44	45	8	51	21
ABC00001	I13	36	34	97	72	54	82	38	53	1	3	24	75	10	32	88	69	11	100	60	67
ABC00001	I14	60	26	64	92	89	88	83	25	21	40	3	95	53	76	18	95	75	88	19	15
ABC00001	I15	84	65	23	82	34	44	47	48	20	10	33	75	93	11	29	12	100	98	86	10
ABC00001	I16	66	41	29	74	0	18	16	70	35	52	42	11	47	21	86	78	16	4	25	47
ABC00001	I17	98	36	54	83	48	72	73	62	48	34	19	97	55	79	49	39	21	60	16	47
ABC00001	I18	64	5	19	96	33	37	23	13	36	29	38	16	25	32	15	59	54	1	9	93
ABC00001	I19	94	27	87	14	76	54	54	1	41	38	80	71	38	29	10	70	14	74	95	46
ABC00001	I20	19	96	72	59	0	73	84	76	23	33	45	33	1	90	70	44	50	59	72	24
ABC00001	I21	16	3	37	0	19	69	67	76	6	13	95	96	7	65	50	88	50	54	61	80
ABC00001	I22	67	99	32	66	57	19	25	4	44	92	48	76	94	78	64	43	67	43	37	72
ABC00001	I23	47	41	97	30	33	66	59	11	96	53	95	3	30	99	1	2	33	100	75	4
ABC00001	I24	50	10	56	89	94	39	76	37	39	82	47	100	87	39	71	77	36	11	47	70
ABC00001	J01	45	79	20	46	28	33	23	58	90	66	32	25	82	30	97	100	57	78	70	33
ABC00001	J02	33	2	80	85	43	90	65	19	10	3	71	94	61	68	21	31	18	9	41	57
ABC00001	J03	95	14	62	62	61	24	41	15	77	71	67	53	37	48	36	69	37	52	42	59
ABC00001	J04	3	58	20	86	79	59	18	83	9	88	41	27	33	81	25	54	87	76	7	0
ABC00001	J05	50	60	24	31	16	57	79	52	92	58	57	39	2	88	82	18	74	72	81	14
ABC00001	J06	42	87	26	87	51	59	8	56	15	59	14	71	72	21	81	67	56	84	42	80
ABC00001	J07	7	67	84	94	4	95	12	77	76	70	88	29	66	36	53	96	16	38	51	18
ABC00001	J08	42	5	20	44	18	68	0	6	58	11	5	62	84	59	58	32	17	33	80	40
ABC00001	J09	59	1	37	61	62	24	27	47	52	9	80	18	78	5	42	25	89	60	63	16
ABC00001	J10	12	26	23	96	44	78	13	74	92	7	67	27	51	9	82	53	20	83	53	48
ABC00001	J11	20	23	47	23	100	48	58	41	28	70	39	27	47	30	31	22	98	72	77	70
ABC00001	J12	81	88	82	36	59	88	95	86	98	0	98	26	54	84	49	17	89	97	7	17
ABC00001	J13	74	16	70	0	20	87	2	15	18	50	96	84	89	30	74	29	54	48	57	75
ABC00001	J14	39	79	88	64	64	0	44	24	28	0	43	17	40	88	95	51	7	70	4	33
ABC00001	J15	35	74	18	48	10	22	72	17	89	84	73	96	61	50	13	72	16	9	83	37
ABC00001	J16	29	63	55	18	48	22	2	31	35	24	90	7	34	11	61	92	90	28	62	28
ABC00001	J17	1	71	67	71	63	14	96	69	96	28	18	9	44	58	81	39	56	49	28	3
ABC00001	J18	9	61	12	78	80	47	19	40	64	53	74	5	32	46	47	43	52	95	5	21
ABC00001	J19	73	71	34	20	3	81	67	99	34	50	43	32	54	68	53	7	51	23	85	15
ABC00001	J20	3	64	51	16	42	44	73	8	66	94	70	9	57	92	24	100	95	18	15	59
ABC00001	J21	57	51	12	57	47	90	38	90	88	21	24	76	100	67	92	34	1	44	58	85
ABC00001	J22	80	20	81	80	92	51	48	32	9	45	61	37	12	82	100	76	82	42	43	27
ABC00001	J23	94	94	80	91	37	98	21	30	12	31	15	67	58	30	97	38	9	33	2	82
ABC00001	J24	28	13	40	71	50	7	53	82	70	77	46	1	53	90	86	98	66	11	39	37
ABC00001	K01	12	53	16	44	77	48	88	21	67	42	57	18	26	79	67	79	97	99	58	44
ABC00001	K02	78	28	26	55	4	73	67	0	95	79	91	76	87	85	37	22	23	32	48	81
ABC00001	K03	79	33	38	97	31	86	24	30	9	85	2	28	47	65	8	24	80	61	77	55
ABC00001	K04	63	58	51	66	61	25	81	85	24	20	28	33	56	47	95	13	57	7	82	29
ABC00001	K05	32	52	81	55	61	25	24	77	48	49	35	6	11	39	29	61	65	12	21	56
ABC00001	K06	76	71	93	25	11	52	2	82	60	71	2	1	73	80	42	37	2	30	73	40
ABC00001	K07	87	57	26	17	21	1	92	97	88	11	81	83	70	70	78	60	52	62	67	12
ABC00001	K08	83	27	80	50	31	99	10	7	15	39	70	80	22	38	47	53	42	84	30	16
ABC00001	K09	97	9	54	5	37	14	0	52	24	63	13	13	98	96	32	27	97	51	97	34
ABC00001	K10	53	11	66	14	63	24	20	81	41	46	49	10	99	89	64	18	49	64	78	14
ABC00001	K11	57	55	47	3	19	4	95	43	22	28	76	98	51	9	71	51	85	30	65	85
ABC00001	K12	83	4	79	1	100	33	97	15	48	88	58	16	54	92	88	30	39	71	10	80
ABC00001	K13	86	28	19	93	25	39	4	32	83	59	12	36	70	0	57	17	0	75	52	89
ABC00001	K14	23	29	84	86	91	11	20	46	77	56	87	30	4	85	6	60	97	22	2	61
ABC00001	K15	42	9	56	8	66	96	36	99	61	73	54	97	59	73	40	32	91	27	25	37
ABC00001	K16	29	95	12	37	4	35	31	79	44	80	19	79	58	39	87	49	56	22	43	98
ABC00001	K17	92	73	90	23	48	37	57	71	34	2	21	37	87	4	20	59	40	80	89	72
ABC00001	K18	56	30	0	26	75	22	53	56	31	86	34	100	10	5	31	40	95	64	25	63
ABC00001	K19	56	8	6	14	15	14	36	25	47	88	53	68	81	57	85	72	45	52	63	66
ABC00001	K20	0	56	35	1	50	8	37	32	17	53	32	78	50	37	64	86	93	5	80	2
ABC00001	K21	49	90	69	83	75	34	93	31	74	90	95	48	55	69	83	41	29	79	69	21
ABC00001	K22	74	21	96	57	19	59	7	53	45	89	46	38	46	3	6	7	16	0	86	56
ABC00001	K23	74	87	93	48	77	76	10	17	2	44	90	55	29	71	8	40	35	33	45	49
ABC00001	K24	11	59	54	93	52	95	61	80	60	92	51	96	65	84	56	71	1	0	6	38
ABC00001	L01	92	65	84	5	83	64	93	7	42	27	86	40	3	88	99	36	100	79	62	30
ABC00001	L02	18	27	13	46	1	66	29	94	65	61	3	25	65	69	93	99	57	46	52	69
ABC00001	L03	43	97	41	54	33	95	77	39	59	35	88	55	98	96	48	78	25	50	36	85
ABC00001	L04	95	60	53	100	60	27	26	15	85	58	93	78	34	18	18	54	78	78	72	12
ABC00001	L05	80	25	21	1	47	85	85	64	84	52	21	89	97	35	37	82	93	40	39	50
ABC00001	L06	24	88	36	36	10	41	67	86	52	79	36	53	15	68	11	5	69	76	59	10
ABC00001	L07	57	1	89	22	76	96	96	62	51	88	70	64	6	4	37	52	66	70	21	50
ABC00001	L08	60	91	72	37	2	66	8	95	71	68	98	55	19	50	93	73	0	67	48	2
ABC00001	L09	15	39	68	7	61	24	89	42	67	40	35	21	62	15	37	76	77	81	23	34
ABC00001	L10	41	68	50	13	88	16	45	31	38	36	6	36	18	58	64	55	58	7	44	17
ABC00001	L11	73	27	24	77	17	99	93	95	16	93	78	46	93	33	2	56	71	43	89	46
ABC00001	L12	18	44	26	55	51	66	89	38	66	56	29	33	53	4	36	30	2	99	0	20
ABC00001	L13	17	19	16	55	23	57	37	89	83	37	12	16	0	63	47	41	79	38	45	68
ABC00001	L14	61	24	13	48	6	23	93	67	54	21	95	55	43	59	57	51	13	74	19	95
ABC00001	L15	23	39	6	3	73	32	68	35	63	46	54	24	64	52	38	40	48	21	90	55
ABC00001	L16	62	52	38	89	54	68	45	85	70	64	13	50	86	16	20	59	77	0	40	88
ABC00001	L17	31	74	7	59	49	95	8	97	64	7	20	92	4	40	71	69	98	18	88	56
ABC00001	L18	81	69	80	40	87	63	17	10	7	83	19	6	41	30	86	29	90	3	15	78
ABC00001	L19	82	92	48	21	100	94	32	66	66	23	48	73	50	50	67	12	20	44	58	54
ABC00001	L20	59	99	29	99	86	2	93	34	38	47	37	17	28	45	76	58	67	7	18	70
ABC00001	L21	58	97	51	47	56	93	21	47	23	47	62	56	62	60	74	73	73	32	58	100
ABC00001	L22	57	54	85	70	88	77	30	0	100	94	9	31	0	16	35	74	3	55	17	37
ABC00001	L23	73	41	95	4	7	13	0	18	88	99	10	55	33	15	44	32	61	83	20	68
ABC00001	L24	5	6	11	19	11	52	91	56	62	4	62	98	54	60	25	42	88	18	78	88
ABC00001	M01	73	48	31	39	88	84	32	33	82	67	75	87	79	22	84	24	3	73	81	70
ABC00001	M02	26	88	4	55	23	1	91	98	40	42	33	54	51	81	4	94	27	90	77	91
ABC00001	M03	72	30	68	31	89	29	63	16	41	5	1	37	45	76	100	9	17	55	75	51
ABC00001	M04	23	85	36	77	43	0	49	21	83	32	100	48	77	12	19	91	56	76	42	84
ABC00001	M05	87	99	92	45	83	74	34	22	44	52	39	50	69	28	6	25	53	2	32	46
ABC00001	M06	14	36	32	72	82	47	10	73	92	85	24	42	29	31	55	63	76	72	88	17
ABC00001	M07	37	46	91	55	92	25	48	25	92	52	82	26	1	94	59	24	87	13	43	83
ABC00001	M08	51	64	46	26	13	1	67	68	46	27	17	6	69	60	17	63	1	19	87	56
ABC00001	M09	22	61	91	95	49	29	1	30	75	89	22	19	20	61	73	81	6	67	74	35
ABC00001	M10	20	60	11	47	49	5	13	78	10	32	71	61	48	83	24	40	5	1	20	60
ABC00001	M11	94	75	0	20	2	37	32	19	49	90	33	92	96	97	68	100	7	22	98	8
ABC00001	M12	12	17	11	46	8	18	25	14	3	42	14	34	51	47	34	62	7	86	41	51
ABC00001	M13	55	99	37	75	60	88	98	74	48	96	37	39	13	16	51	65	50	45	34	45
ABC00001	M14	95	46	94	1	93	46	99	47	44	0	85	24	3	64	6	88	25	91	17	93
ABC00001	M15	48	17	10	47	16	80	68	81	91	38	36	67	83	5	29	17	4	93	58	45
ABC00001	M16	77	64	27	18	75	13	36	28	56	69	0	65	63	73	60	71	35	66	57	87
ABC00001	M17	44	94	56	48	85	74	20	23	77	73	96	25	39	7	98	72	88	96	46	82
ABC00001	M18	24	61	23	29	2	76	90	91	35	88	18	6	39	11	25	92	28	62	25	62
ABC00001	M19	34	87	25	20	65	70	67	10	71	43	40	95	62	16	53	86	50	1	16	92
ABC00001	M20	61	93	35	90	92	7	39	19	14	22	75	37	6	12	18	20	46	57	48	46
ABC00001	M21	93	34	68	93	55	47	3	8	88	13	4	24	80	26	61	31	23	75	65	19
ABC00001	M22	72	74	4	69	31	13	94	9	57	87	11	99	75	22	86	62	10	46	41	27
ABC00001	M23	10	55	2	33	94	3	53	0	77	80	83	25	18	43	51	65	78	50	16	80
ABC00001	M24	10	53	79	63	63	20	58	83	84	33	87	81	36	57	28	19	83	52	45	63
ABC00001	N01	76	24	43	56	86	47	55	14	28	95	6	54	18	80	13	89	70	18	90	34
ABC00001	N02	49	12	97	9	64	85	100	48	77	38	94	12	73	60	65	90	42	38	1	66
ABC00001	N03	58	43	99	41	5	49	48	100	21	50	44	83	63	3	45	46	87	67	6	48
ABC00001	N04	30	65	57	54	37	18	45	95	81	46	69	59	60	46	28	46	74	19	21	54
ABC00001	N05	0	14	64	18	91	42	79	49	50	24	56	78	68	47	85	93	30	0	53	82
ABC00001	N06	14	31	29	0	98	31	70	38	20	58	50	52	82	9	66	40	79	84	18	0
ABC00001	N07	66	95	85	97	59	70	0	90	48	57	66	98	41	61	88	24	43	88	72	78
ABC00001	N08	11	90	2	43	90	1	22	76	73	2	40	41	47	78	41	23	97	13	10	7
ABC00001	N09	32	31	23	13	3	89	62	8	12	50	95	13	71	25	31	38	90	27	86	95
ABC00001	N10	74	85	91	37	74	61	67	65	40	81	88	67	31	3	14	0	7	89	5	26
ABC00001	N11	88	36	87	20	39	67	45	38	29	22	42	33	60	7	83	10	36	27	71	74
ABC00001	N12	84	91	11	34	84	13	14	7	46	17	42	72	94	23	14	49	46	53	52	61
ABC00001	N13	47	12	100	21	30	28	62	20	42	7	45	25	68	34	33	19	91	93	12	88
ABC00001	N14	77	61	87	85	40	1	71	9	36	28	21	5	33	12	8	44	3	23	2	96
ABC00001	N15	96	31	84	13	51	100	29	84	75	86	70	50	20	44	57	64	38	27	45	79
ABC00001	N16	8	91	27	27	84	74	55	69	39	75	65	82	82	2	65	74	16	62	62	53
ABC00001	N17	77	55	79	6	90	76	9	27	65	49	6	55	10	83	79	98	36	86	33	62
ABC00001	N18	52	53	86	78	64	90	4	68	47	16	59	65	31	66	81	100	49	68	1	2
ABC00001	N19	92	84	86	66	17	49	93	0	45	16	28	14	26	38	43	57	12	64	89	80
ABC00001	N20	96	96	35	46	90	62	89	34	89	81	69	46	36	97	19	26	74	51	81	16
ABC00001	N21	86	65	28	97	39	68	42	64	85	96	39	99	3	31	0	80	79	55	9	91
ABC00001	N22	50	87	8	28	16	1	69	63	83	91	1	91	92	95	47	56	85	56	48	100
ABC00001	N23	15	23	46	66	41	96	25	99	50	88	88	100	41	100	33	72	14	30	60	12
ABC00001	N24	70	9	95	48	77	70	97	13	57	46	86	60	37	70	91	16	48	67	39	12
ABC00001	O01	42	2	86	72	35	50	80	88	31	62	28	73	34	45	36	30	48	4	8	67
ABC00001	O02	66	2	32	11	8	97	58	84	69	21	54	88	51	81	22	27	57	78	67	6
ABC00001	O03	33	69	64	98	71	6	44	46	94	90	58	39	99	18	2	77	84	89	77	55
ABC00001	O04	67	26	74	74	27	64	48	78	83	25	0	37	98	74	95	17	36	77	95	84
ABC00001	O05	43	43	18	76	66	89	84	42	95	21	45	35	7	20	79	35	83	64	66	18
ABC00001	O06	15	56	64	80	4	95	65	90	98	78	77	100	6	18	12	24	47	32	87	79
ABC00001	O07	48	57	100	6	80	91	82	65	23	9	48	32	25	62	46	55	31	93	23	80
ABC00001	O08	85	94	100	36	19	46	99	41	20	66	91	89	39	3	25	29	27	10	53	14
ABC00001	O09	35	19	50	1	46	50	74	77	8	19	50	40	24	29	80	97	94	81	65	46
ABC00001	O10	69	5	64	80	98	69	53	18	41	2	96	17	76	85	67	51	77	89	40	94
ABC00001	O11	93	59	72	41	1	5	27	58	14	29	58	75	75	75	9	35	28	86	25	84
ABC00001	O12	38	5	54	81	18	31	17	7	63	81	91	52	60	42	58	0	96	0	7	41
ABC00001	O13	66	51	25	50	34	31	40	5	15	6	58	95	88	53	52	92	23	45	99	73
ABC00001	O14	77	60	62	2	55	55	92	15	31	6	62	78	93	1	59	76	22	25	69	97
ABC00001	O15	80	85	77	55	88	15	48	66	20	32	92	61	73	28	0	32	36	98	68	73
ABC00001	O16	76	82	64	63	100	79	90	2	70	28	98	80	59	2	62	69	40	75	53	41
ABC00001	O17	48	52	28	20	66	100	49	39	90	14	24	24	16	95	52	76	45	40	32	90
ABC00001	O18	50	4	3	8	87	17	83	76	97	52	58	39	24	55	77	44	19	73	84	37
ABC00001	O19	60	74	83	53	71	43	97	81	61	26	86	68	21	16	41	7	44	3	55	91
ABC00001	O20	41	94	72	5	57	20	23	26	22	37	29	91	46	51	98	6	35	71	35	83
ABC00001	O21	16	75	77	15	25	90	34	31	99	99	40	76	5	73	67	23	20	86	88	44
ABC00001	O22	98	23	9	97	83	23	34	87	10	94	81	76	40	92	7	22	28	75	71	83
ABC00001	O23	29	69	24	83	5	21	29	0	76	64	49	80	79	39	22	60	57	86	90	83
ABC00001	O24	61	23	17	86	55	32	9	60	42	96	41	86	17	7	8	58	76	63	5	71
ABC00001	P01	47	78	100	94	37	2	58	66	87	73	73	33	92	85	41	89	47	33	59	30
ABC00001	P02	85	73	31	91	93	84	21	68	95	82	15	92	11	86	34	81	61	15	94	54
ABC00001	P03	81	93	69	52	3	6	65	0	57	100	11	98	83	11	49	83	16	79	15	93
ABC00001	P04	15	11	25	10	57	87	53	44	79	11	26	42	11	16	75	36	84	32	29	57
ABC00001	P05	48	91	29	56	7	64	53	47	63	64	59	100	86	61	15	83	44	23	93	66
ABC00001	P06	44	12	65	13	25	27	3	96	2	83	52	83	5	9	41	5	63	35	0	93
ABC00001	P07	1	89	68	40	76	17	76	31	38	18	64	38	75	78	20	47	73	83	31	45
ABC00001	P08	56	32	0	5	72	9	9	47	79	45	68	54	93	53	92	43	29	52	97	30
ABC00001	P09	25	95	81	77	71	46	82	52	26	69	40	95	85	55	47	98	38	97	95	51
ABC00001	P10	72	53	17	15	5	54	36	32	32	34	42	72	41	81	27	24	24	87	81	81
ABC00001	P11	82	29	21	98	16	59	25	36	34	80	54	61	21	78	96	55	62	40	33	5
ABC00001	P12	83	17	72	27	97	23	86	97	99	69	15	83	43	7	13	36	83	90	31	11
ABC00001	P13	20	4	18	23	29	88	100	6	100	13	26	65	100	46	65	64	94	52	82	70
ABC00001	P14	17	96	47	100	36	2	99	82	70	36	13	92	18	99	96	31	84	91	45	1
ABC00001	P15	90	90	12	91	30	5	61	13	47	18	54	50	74	62	22	34	44	70	2	0
ABC00001	P16	68	14	32	63	28	35	73	13	9	100	4	26	50	46	64	39	89	11	91	92
ABC00001	P17	40	65	93	99	53	23	70	50	16	16	93	84	22	37	52	88	58	72	37	52
ABC00001	P18	68	69	25	52	73	20	32	57	49	71	93	94	59	84	68	23	65	20	20	7
ABC00001	P19	6	16	79	53	17	73	38	54	82	1	15	44	30	35	43	55	96	7	54	20
ABC00001	P20	72	99	17	27	63	90	5	43	66	72	92	88	54	22	51	35	2	12	57	62
ABC00001	P21	15	81	2	89	91	4	73	84	70	10	28	93	17	62	32	78	95	22	49	3
ABC00001	P22	33	61	74	63	76	20	60	17	74	65	88	97	0	70	32	71	30	8	65	16
ABC00001	P23	56	97	79	91	93	14	57	92	59	70	7	22	37	45	9	62	7	20	43	93
ABC00001	P24	25	28	92	51	23	9	92	35	90	87	39	45	84	18	94	39	65	65	16	79
ABC00002	A01	69	85	27	29	14	4	15	58	40	64	26	19	32	48	46	99	77	44	61	83
ABC00002	A02	74	87	36	48	60	14	63	64	86	2	97	59	87	87	73	66	96	0	24	19
ABC00002	A03	63	68	13	0	50	3	21	86	99	82	79	52	85	82	65	80	91	82	59	48
ABC00002	A04	7	44	42	19	27	49	1	33	25	95	87	84	98	75	95	68	40	88	20	83
ABC00002	A05	67	68	95	71	63	84	92	90	26	96	37	34	18	63	90	64	97	44	8	37
ABC00002	A06	65	70	36	65	14	3	6	56	43	15	79	99	95	49	98	35	16	50	7	12
ABC00002	A07	0	3	20	18	35	79	24	23	92	18	64	57	96	52	66	47	78	7	58	23
ABC00002	A08	49	63	12	22	0	38	10	73	65	9	11	59	23	58	99	65	59	66	53	71
ABC00002	A09	42	3	70	99	40	44	52	2	28	58	16	21	89	28	44	38	5	37	19	35
ABC00002	A10	14	56	54	97	77	97	69	8	44	8	42	96	24	96	81	61	24	67	92	12
ABC00002	A11	44	18	86	9	74	84	63	57	30	69	80	87	38	0	61	27	25	5	34	2
ABC00002	A12	34	10	34	36	81	68	27	22	50	39	52	83	60	43	26	34	27	97	67	96
ABC00002	A13	37	58	96	59	3	28	80	47	68	23	39	88	87	99	31	38	17	12	13	55
ABC00002	A14	80	97	38	62	86	83	87	87	32	26	35	78	35	44	99	52	14	53	96	25
ABC00002	A15	0	16	73	38	47	6	95	57	11	47	21	62	69	11	27	28	94	74	89	31
ABC00002	A16	61	52	92	92	50	44	36	72	78	64	23	32	48	14	55	75	67	1	35	6
ABC00002	A17	66	28	69	42	100	86	43	6	9	78	33	96	76	83	21	88	79	83	85	65
ABC00002	A18	42	54	99	67	59	84	57	3	54	48	33	65	5	26	4	28	92	95	49	73
ABC00002	A19	68	67	87	77	7	66	65	31	17	94	50	100	73	21	17	54	45	21	38	69
ABC00002	A20	25	87	90	77	24	43	73	90	1	48	3	73	96	43	20	64	45	67	64	5
ABC00002	A21	69	21	7	99	6	92	59	58	84	79	27	60	56	35	66	60	75	15	28	8
ABC00002	A22	16	100	59	59	20	22	0	50	22	28	36	70	13	8	53	5	81	49	42	49
ABC00002	A23	80	22	17	51	82	36	12	80	76	9	61	79	83	64	83	70	25	21	0	74
ABC00002	A24	77	46	53	96	53	91	54	73	60	8	98	88	22	27	10	66	67	71	18	32
ABC00002	B01	15	84	74	10	13	100	81	63	48	33	12	72	96	62	45	13	32	61	56	65
ABC00002	B02	41	33	79	23	20	29	20	70	62	89	50	55	17	61	18	27	35	97	74	37
ABC00002	B03	65	47	1	85	72	59	64	23	95	55	2	56	54	55	37	2	69	78	88	82
ABC00002	B04	91	24	80	10	100	65	57	58	85	85	40	65	5	43	90	92	25	3	70	0
ABC00002	B05	19	89	80	94	76	15	50	60	72	58	35	66	59	66	87	64	87	91	54	2
ABC00002	B06	0	5	17	49	74	20	77	89	59	50	79	23	18	55	85	14	10	97	54	22
ABC00002	B07	36	0	71	77	18	67	63	17	12	0	1	10	89	69	56	22	13	42	94	22
ABC00002	B08	33	23	32	41	11	89	1	60	59	74	64	72	22	23	66	22	49	87	55	60
ABC00002	B09	67	0	75	56	6	87	49	42	9	92	23	34	49	90	72	6	100	54	67	31
ABC00002	B10	13	17	21	69	12	13	40	68	81	72	38	90	40	13	39	57	12	61	63	90
ABC00002	B11	96	29	85	46	17	25	14	51	20	31	7	99	71	12	31	56	35	37	53	91
ABC00002	B12	4	87	17	56	90	41	67	54	23	29	57	27	91	33	72	58	75	37	96	30
ABC00002	B13	53	2	2	56	12	65	52	59	14	95	18	53	7	39	50	86	38	46	93	3
ABC00002	B14	72	18	40	51	20	77	4	47	7	43	72	68	64	51	77	46	24	33	50	14
ABC00002	B15	52	96	35	64	48	22	93	34	95	91	7	4	7	15	97	89	1	13	74	3
ABC00002	B16	49	4	54	58	54	69	7	59	97	75	32	88	46	93	98	11	70	91	74	1
ABC00002	B17	21	76	2	82	93	6	91	8	17	71	18	2	65	39	54	37	7	81	70	81
ABC00002	B18	81	24	93	76	75	95	52	68	73	5	12	46	69	50	67	4	55	21	9	36
ABC00002	B19	92	19	22	36	17	40	1	18	27	86	72	83	36	72	47	43	57	10	42	12
ABC00002	B20	98	48	60	92	35	15	88	44	5	28	1	45	13	94	4	100	64	15	4	14
ABC00002	B21	36	42	70	100	53	0	54	74	65	77	4	89	14	15	65	87	47	59	81	13
ABC00002	B22	98	67	71	68	72	55	49	42	80	66	63	91	25	3	17	18	15	73	17	30
ABC00002	B23	38	28	63	20	54	87	9	85	47	99	13	35	78	27	36	32	9	33	41	39
ABC00002	B24	21	6	34	38	34	21	82	81	65	65	94	47	4	27	60	29	45	1	73	17
ABC00002	C01	4	6	95	37	96	29	92	30	89	8	22	62	51	10	57	0	49	3	61	14
ABC00002	C02	19	89	25	14	48	27	59	59	52	70	50	41	98	82	65	25	49	29	69	78
ABC00002	C03	34	89	17	27	48	28	35	60	11	19	33	24	84	22	71	82	27	99	9	93
ABC00002	C04	94	22	30	76	48	70	98	20	59	68	35	80	55	46	71	82	62	29	32	53
ABC00002	C05	79	90	74	55	4	37	13	40	69	96	63	57	12	6	62	48	78	11	53	52
ABC00002	C06	78	65	63	22	48	4	15	60	76	59	63	100	38	4	84	19	10	16	53	94
ABC00002	C07	12	12	17	15	67	3	25	4	82	69	48	73	65	17	94	28	25	58	72	82
ABC00002	C08	98	47	20	24	47	60	16	54	93	34	64	51	45	82	76	27	19	15	65	98
ABC00002	C09	65	6	29	60	18	20	78	96	76	17	10	44	1	60	94	72	59	13	92	43
ABC00002	C10	31	21	60	71	87	50	6	13	34	40	12	37	9	32	16	81	51	62	55	80
ABC00002	C11	25	87	34	73	22	28	53	80	13	79	18	100	6	45	40	39	8	35	25	6
ABC00002	C12	80	16	59	58	2	8	28	47	82	81	29	41	66	85	10	91	5	67	20	44
ABC00002	C13	100	8	83	66	48	62	88	50	19	10	84	47	50	90	9	95	79	40	1	31
ABC00002	C14	68	54	56	59	10	12	26	70	20	12	38	47	47	3	40	38	37	32	81	93
ABC00002	C15	3	95	49	87	99	46	60	42	65	71	71	49	59	23	37	63	36	61	13	39
ABC00002	C16	83	78	56	93	44	52	39	10	56	47	38	67	53	99	91	98	69	41	30	36
ABC00002	C17	10	43	65	31	94	96	80	81	31	56	80	17	84	86	25	3	13	44	80	0
ABC00002	C18	2	39	42	23	2	6	71	39	61	98	13	83	89	21	79	65	95	89	77	95
ABC00002	C19	12	91	85	13	15	52	0	63	59	29	34	57	97	78	40	48	84	51	72	92
ABC00002	C20	48	39	51	29	54	35	16	76	22	100	81	76	25	2	14	0	33	16	90	21
ABC00002	C21	20	31	40	81	33	22	18	36	36	24	54	19	63	73	81	65	49	0	34	8
ABC00002	C22	91	34	14	5	36	96	31	46	2	20	78	10	10	29	76	18	79	42	46	91
ABC00002	C23	25	46	5	75	99	90	32	79	54	54	42	53	95	40	37	2	21	52	21	28
ABC00002	C24	72	30	31	15	6	10	17	98	7	84	47	1	31	7	80	84	36	37	70	0
ABC00002	D01	44	66	60	83	87	17	19	28	78	97	6	29	77	59	82	44	41	65	1	30
ABC00002	D02	7	28	53	27	4	46	21	7	89	59	17	73	41	47	22	5	44	95	18	87
ABC00002	D03	72	3	28	3	5	33	3	55	47	58	87	53	98	79	80	99	58	99	83	92
ABC00002	D04	49	6	57	37	12	86	90	90	87	11	28	35	63	75	66	66	35	70	96	74
ABC00002	D05	15	98	78	53	64	100	91	16	100	8	56	3	53	55	5	44	56	73	70	71
ABC00002	D06	82	11	91	23	75	65	72	33	43	54	76	76	80	72	93	42	76	10	16	25
ABC00002	D07	71	69	43	41	80	47	1	69	50	12	96	8	31	13	75	7	72	99	90	17
ABC00002	D08	14	78	49	31	12	59	25	45	36	100	17	57	66	78	4	46	81	72	66	91
ABC00002	D09	86	9	57	58	37	15	6	24	74	56	69	3	49	88	97	51	18	64	47	21
ABC00002	D10	63	44	49	3	42	7	50	27	4	56	62	12	3	41	37	11	93	17	28	78
ABC00002	D11	65	11	41	70	35	95	26	29	22	43	52	29	74	5	67	16	37	30	17	40
ABC00002	D12	21	24	95	53	54	85	65	46	15	91	22	94	22	57	82	8	88	100	57	6
ABC00002	D13	62	79	21	18	47	29	31	66	90	6	64	55	19	40	47	15	64	59	9	74
ABC00002	D14	31	27	29	23	49	9	61	19	58	10	64	66	21	94	2	26	2	23	41	67
ABC00002	D15	18	91	21	54	1	47	45	19	65	45	97	24	3	81	72	65	15	50	69	37
ABC00002	D16	46	57	33	38	18	1	100	8	4	47	81	30	4	96	77	4	20	47	88	33
ABC00002	D17	98	88	46	45	57	47	76	100	71	35	36	9	91	5	78	27	68	7	53	3
ABC00002	D18	40	57	43	54	52	5	93	100	19	53	9	5	67	24	19	100	20	45	47	4
ABC00002	D19	15	52	66	57	44	68	89	86	60	32	45	60	57	40	32	75	31	87	43	25
ABC00002	D20	23	42	30	93	66	20	58	16	63	100	60	11	53	18	72	12	72	12	31	58
ABC00002	D21	79	77	41	11	70	42	3	72	9	27	78	62	24	55	90	9	40	53	65	38
ABC00002	D22	75	34	35	91	67	91	46	77	80	15	97	99	51	43	22	93	15	11	59	94
ABC00002	D23	49	72	90	62	20	67	73	80	0	17	85	24	31	68	69	40	55	60	70	70
ABC00002	D24	60	12	47	86	28	63	56	60	8	17	88	0	21	100	64	29	92	30	7	68
ABC00002	E01	61	20	38	7	16	46	77	80	25	77	94	30	36	59	36	6	100	42	56	59
ABC00002	E02	79	91	71	48	60	50	71	83	53	57	80	12	53	9	96	35	58	2	14	47
ABC00002	E03	84	55	34	23	46	46	87	53	49	100	50	67	33	58	67	5	41	63	77	11
ABC00002	E04	57	1	54	100	55	71	29	47	73	87	3	71	68	7	35	29	100	93	83	80
ABC00002	E05	49	90	81	36	16	29	23	98	92	93	34	95	95	3	35	49	49	84	49	85
ABC00002	E06	76	36	70	61	52	40	84	98	55	86	79	81	95	82	64	16	77	36	46	14
ABC00002	E07	15	41	92	67	40	51	12	4	80	62	43	87	25	63	75	3	66	45	97	47
ABC00002	E08	88	39	0	44	27	88	47	11	67	85	16	100	52	75	53	54	26	3	1	18
ABC00002	E09	53	51	37	92	92	9	10	58	10	19	35	0	53	29	58	64	67	84	24	95
ABC00002	E10	79	20	89	32	10	88	40	47	100	93	33	34	14	3	37	61	24	89	21	97
ABC00002	E11	13	70	54	94	39	58	41	98	59	75	16	76	63	10	71	16	39	53	92	8
ABC00002	E12	64	34	77	55	62	25	4	93	15	29	28	33	3	27	26	58	7	98	82	45
ABC00002	E13	50	89	50	100	47	49	6	65	17	0	96	32	82	62	38	18	58	54	53	45
ABC00002	E14	99	19	37	56	38	1	24	41	44	84	69	65	96	44	49	7	75	64	45	48
ABC00002	E15	19	25	57	76	14	76	33	30	82	70	51	49	59	47	48	68	84	42	60	24
ABC00002	E16	13	51	63	73	89	98	74	72	28	65	84	73	100	17	59	43	70	21	65	49
ABC00002	E17	19	58	68	90	62	15	80	79	29	46	39	12	65	94	88	33	11	99	67	84
ABC00002	E18	52	23	24	74	99	33	18	4	50	19	86	31	44	21	68	95	23	82	4	36
ABC00002	E19	5	76	73	73	73	89	59	41	12	71	36	47	61	59	40	25	54	87	5	11
ABC00002	E20	44	75	41	79	55	72	62	93	62	2	79	90	65	68	95	74	68	71	10	47
ABC00002	E21	56	32	80	85	81	45	1	16	3	23	79	19	40	81	28	10	6	35	65	6
ABC00002	E22	40	20	95	31	60	66	94	43	76	7	14	28	40	99	9	37	3	89	29	21
ABC00002	E23	72	66	59	96	93	35	83	59	64	65	99	75	72	38	93	26	99	39	48	98
ABC00002	E24	56	92	17	5	9	65	92	92	50	35	98	70	68	93	24	28	51	24	60	55
ABC00002	F01	67	55	1	79	59	6	83	43	39	18	21	87	47	29	58	50	21	80	29	72
ABC00002	F02	52	91	79	51	49	21	26	29	1	24	87	85	22	11	72	31	25	96	95	81
ABC00002	F03	30	39	75	82	26	96	96	53	17	54	51	18	85	97	25	60	10	6	100	60
ABC00002	F04	7	98	35	26	8	55	70	89	83	54	38	3	52	16	65	96	41	68	73	88
ABC00002	F05	72	17	74	21	86	39	98	23	23	50	0	20	96	61	96	24	16	87	96	50
ABC00002	F06	0	31	82	36	36	81	27	92	46	22	7	50	54	80	48	37	83	77	72	76
ABC00002	F07	59	9	40	1	16	76	41	47	95	57	79	73	23	86	83	10	35	91	84	91
ABC00002	F08	71	70	19	34	11	32	60	41	4	62	8	21	61	70	75	84	89	65	68	38
ABC00002	F09	0	36	1	76	32	43	73	82	27	59	24	65	18	18	91	60	45	59	10	4
ABC00002	F10	39	64	26	20	52	31	78	18	88	30	95	40	32	46	62	71	69	63	64	95
ABC00002	F11	71	86	77	81	55	77	46	80	17	17	59	43	88	35	45	99	97	61	33	76
ABC00002	F12	81	87	35	98	82	26	1	14	1	32	10	72	85	52	6	15	80	31	36	92
ABC00002	F13	15	60	92	57	46	99	94	61	72	46	45	80	1	12	56	21	45	7	34	97
ABC00002	F14	97	22	66	72	43	39	79	37	47	1	48	95	5	3	69	40	12	41	36	69
ABC00002	F15	37	23	48	88	93	82	44	39	99	21	79	12	32	21	31	84	72	59	78	32
ABC00002	F16	70	89	34	63	11	3	43	16	95	29	57	97	48	97	9	35	6	39	31	64
ABC00002	F17	78	22	66	63	66	21	71	52	97	33	86	71	2	92	41	51	17	29	73	28
ABC00002	F18	23	42	83	50	57	23	79	57	4	71	16	8	21	39	52	59	65	86	42	65
ABC00002	F19	86	71	15	70	3	8	97	100	68	75	13	96	56	46	41	35	42	98	56	94
ABC00002	F20	19	8	29	20	53	30	88	96	55	100	99	52	92	85	29	57	32	52	47	80
ABC00002	F21	69	28	67	68	60	18	61	55	9	80	67	17	22	19	90	61	6	44	37	94
ABC00002	F22	49	31	25	83	12	84	21	7	83	47	57	26	27	90	0	7	11	76	18	16
ABC00002	F23	18	93	36	75	9	5	4	12	11	49	46	94	50	48	88	41	50	26	52	81
ABC00002	F24	69	91	88	53	64	81	43	79	95	81	11	42	12	45	43	96	73	27	95	95
ABC00002	G01	69	0	40	93	57	29	99	52	70	27	98	47	37	26	67	6	90	54	35	61
ABC00002	G02	2	60	34	89	91	15	48	81	11	50	10	15	97	92	49	21	71	69	92	26
ABC00002	G03	13	91	57	99	21	50	33	36	47	73	40	99	16	81	1	8	50	97	39	88
ABC00002	G04	93	33	90	63	84	16	59	41	27	11	24	26	12	9	78	9	31	0	8	80
ABC00002	G05	51	93	28	52	1	61	58	68	10	50	98	7	82	66	51	74	17	9	21	71
ABC00002	G06	91	70	51	43	7	67	1	47	0	13	97	20	8	47	78	0	72	8	83	26
ABC00002	G07	26	67	10	56	73	100	47	96	94	63	96	51	61	28	25	94	46	67	8	96
ABC00002	G08	88	47	38	90	14	4	39	76	58	12	45	48	97	44	33	85	3	78	79	59
ABC00002	G09	37	70	36	61	64	61	62	74	97	26	57	74	60	93	46	88	82	87	57	43
ABC00002	G10	99	61	43	8	28	83	57	45	51	85	64	13	68	68	64	11	77	32	57	41
ABC00002	G11	59	53	60	21	0	80	63	75	58	78	17	84	1	15	93	18	0	65	58	49
ABC00002	G12	45	37	0	92	0	49	95	25	61	58	0	10	40	74	30	60	47	9	95	85
ABC00002	G13	88	52	92	81	37	28	63	97	29	8	25	16	63	94	80	41	39	84	27	71
ABC00002	G14	91	17	21	10	50	63	29	88	35	25	69	37	57	14	51	70	27	42	87	96
ABC00002	G15	35	85	35	79	78	65	43	84	31	99	70	100	12	2	35	46	40	95	56	40
ABC00002	G16	82	63	59	32	24	61	52	87	41	71	16	0	28	89	51	71	85	11	54	97
ABC00002	G17	75	36	77	16	64	29	14	17	31	44	41	1	100	4	82	93	93	32	59	13
ABC00002	G18	37	0	66	48	67	51	36	68	96	81	91	0	94	61	0	20	33	63	38	98
ABC00002	G19	39	6	77	72	33	22	22	35	84	12	84	81	9	93	77	25	25	81	19	86
ABC00002	G20	62	82	53	90	37	71	3	79	72	92	82	14	100	77	19	32	55	60	51	65
ABC00002	G21	83	59	27	13	91	78	37	77	52	61	48	3	62	5	57	91	20	8	62	34
ABC00002	G22	87	22	61	56	21	28	4	37	70	4	2	80	13	36	38	69	36	3	94	87
ABC00002	G23	23	95	22	12	42	58	77	89	49	87	2	63	8	48	62	1	86	5	23	69
ABC00002	G24	73	73	98	36	60	23	62	98	32	50	21	96	8	74	95	50	7	14	0	81
ABC00002	H01	66	10	41	39	80	35	71	51	31	65	100	79	41	21	47	44	31	25	34	67
ABC00002	H02	41	46	75	37	50	37	32	75	15	7	17	15	81	2	75	0	91	65	48	75
ABC00002	H03	88	99	81	54	63	69	55	24	1	30	74	18	68	47	2	100	24	84	3	31
ABC00002	H04	79	24	73	88	66	37	64	42	0	99	31	24	38	65	29	90	36	93	14	93
ABC00002	H05	20	52	31	8	83	97	38	40	83	89	28	16	13	23	98	32	69	94	38	81
ABC00002	H06	59	32	28	98	46	42	7	23	30	23	59	48	63	30	37	26	0	18	98	13
ABC00002	H07	98	44	79	46	59	1	27	61	98	2	9	26	26	59	38	52	57	82	24	51
ABC00002	H08	5	46	25	59	42	56	61	3	12	97	50	51	56	9	35	40	16	36	56	14
ABC00002	H09	62	20	99	11	73	88	61	89	66	80	14	49	58	12	76	9	69	4	64	88
ABC00002	H10	27	74	40	79	51	24	75	87	51	68	44	95	43	20	64	20	44	97	49	78
ABC00002	H11	21	4	39	71	64	3	96	67	62	48	12	63	25	48	100	69	64	14	69	98
ABC00002	H12	15	56	37	73	6	19	21	56	1	68	97	64	78	79	41	72	10	28	32	58
ABC00002	H13	37	56	49	67	3	99	36	48	8	40	8	24	45	73	56	87	2	88	71	26
ABC00002	H14	7	4	70	96	30	83	17	58	85	36	9	58	96	91	71	23	90	73	30	79
ABC00002	H15	78	97	71	2	63	95	11	95	99	46	32	19	44	9	92	36	58	43	49	2
ABC00002	H16	63	36	31	83	10	16	85	83	60	51	72	19	76	5	56	57	20	42	1	58
ABC00002	H17	80	22	44	68	14	98	29	13	53	43	76	38	12	75	100	55	4	6	14	80
ABC00002	H18	31	71	21	26	36	8	11	16	7	73	10	26	32	50	8	43	100	29	92	55
ABC00002	H19	36	53	88	29	89	95	97	66	94	90	87	35	7	97	14	95	89	72	38	0
ABC00002	H20	28	27	96	93	8	69	29	81	46	80	70	39	40	59	17	65	90	7	69	59
ABC00002	H21	65	29	36	1	91	10	16	5	22	58	46	68	48	58	14	78	56	100	8	23
ABC00002	H22	2	90	25	90	23	19	34	78	20	89	69	2	93	95	27	65	38	37	9	61
ABC00002	H23	37	17	38	83	1	19	28	92	43	88	99	20	68	27	54	73	81	45	0	56
ABC00002	H24	90	35	93	18	48	5	92	95	83	9	7	98	78	32	27	11	17	59	34	23
ABC00002	I01	76	79	77	75	71	61	34	77	68	85	99	76	78	63	82	84	12	4	95	12
ABC00002	I02	85	93	98	82	30	41	15	66	10	76	97	15	83	56	0	91	7	40	86	49
ABC00002	I03	88	38	59	5	55	1	64	77	98	4	96	88	19	50	59	44	25	43	57	49
ABC00002	I04	16	23	3	57	17	53	62	77	64	19	75	95	75	44	64	31	72	47	50	6
ABC00002	I05	18	57	41	26	17	63	58	41	98	59	99	38	45	29	48	3	43	60	92	21
ABC00002	I06	18	78	93	80	12	22	99	89	98	89	82	55	45	46	10	48	24	67	57	37
ABC00002	I07	50	33	79	71	64	84	24	53	5	87	74	14	25	95	79	7	79	60	93	85
ABC00002	I08	26	15	40	73	68	61	73	5	43	56	94	89	60	5	8	32	25	18	24	40
ABC00002	I09	41	46	84	9	74	23	100	39	74	32	36	4	50	82	3	14	9	79	7	77
ABC00002	I10	38	39	1	90	75	38	65	50	98	17	29	57	37	9	26	42	24	45	87	36
ABC00002	I11	58	100	83	51	69	19	9	62	23	60	56	18	74	70	73	71	71	2	12	71
ABC00002	I12	6	10	29	1	1	35	41	93	93	79	21	24	22	85	12	40	34	96	56	82
ABC00002	I13	74	13	61	88	9	88	29	87	57	82	51	97	98	78	6	99	13	56	78	74
ABC00002	I14	83	54	87	80	89	27	67	38	27	81	0	48	41	57	30	52	72	99	98	92
ABC00002	I15	85	37	56	52	2	57	35	26	91	60	33	83	49	45	52	21	78	12	90	42
ABC00002	I16	62	81	100	2	55	9	96	30	11	19	18	54	58	40	96	3	24	0	58	7
ABC00002	I17	24	80	17	17	54	96	8	51	82	48	100	75	12	43	96	93	51	85	3	9
ABC00002	I18	2	45	53	22	54	60	57	71	36	94	94	91	52	50	65	84	5	31	75	54
ABC00002	I19	31	99	60	71	3	53	35	85	56	25	90	64	87	12	21	8	93	13	27	14
ABC00002	I20	21	42	1	78	80	49	62	26	84	6	1	7	99	78	83	86	89	28	73	25
ABC00002	I21	90	49	2	6	60	9	46	6	71	68	70	94	2	4	53	48	32	96	74	46
ABC00002	I22	91	2	32	9	18	2	63	58	4	77	7	87	62	39	83	11	6	4	0	46
ABC00002	I23	43	19	32	35	54	83	89	6	43	74	47	79	57	39	53	99	42	24	54	11
ABC00002	I24	26	53	68	65	20	94	26	45	56	51	2	67	85	76	46	83	57	20	9	43
ABC00002	J01	87	52	89	71	69	47	65	79	39	93	81	39	0	93	38	54	54	48	38	24
ABC00002	J02	32	98	17	64	18	67	6	40	80	44	60	62	93	3	51	3	32	20	57	39
ABC00002	J03	17	30	68	16	82	92	91	47	49	3	38	2	64	12	56	26	71	62	89	63
ABC00002	J04	4	16	3	77	79	86	5	79	80	16	27	85	95	94	55	81	8	6	77	55
ABC00002	J05	33	87	34	85	98	73	59	48	78	32	39	72	50	39	47	31	90	69	61	0
ABC00002	J06	75	48	86	90	23	5	11	79	99	22	58	71	86	86	7	51	71	80	49	7
ABC00002	J07	43	37	9	84	51	76	92	1	81	72	92	23	23	17	1	41	74	6	15	49
ABC00002	J08	8	58	77	66	7	67	95	21	62	13	56	51	47	70	32	27	33	8	97	22
ABC00002	J09	31	40	1	60	50	4	50	10	2	40	31	81	88	45	45	71	4	19	90	80
ABC00002	J10	98	29	14	49	39	96	40	100	11	17	70	29	61	40	51	83	34	11	29	8
ABC00002	J11	3	51	59	65	30	34	79	83	90	60	76	39	73	20	43	26	73	6	72	35
ABC00002	J12	40	14	21	0	25	1	67	92	83	74	37	73	18	40	40	52	42	9	87	38
ABC00002	J13	26	13	25	2	29	35	98	34	13	45	87	39	51	13	66	90	14	13	6	58
ABC00002	J14	13	41	81	59	59	23	54	6	98	1	49	28	89	33	24	84	89	75	38	28
ABC00002	J15	81	42	40	89	69	34	7	83	24	66	12	38	89	79	96	94	0	12	97	91
ABC00002	J16	63	99	26	49	55	13	76	78	36	53	11	78	0	12	27	44	42	86	18	72
ABC00002	J17	76	35	12	89	39	34	42	22	32	25	49	44	52	3	29	52	93	64	79	40
ABC00002	J18	5	49	62	11	73	31	78	11	41	81	53	90	29	17	8	64	55	59	61	54
ABC00002	J19	17	10	59	77	100	84	6	63	71	68	12	80	71	3	15	67	38	27	55	62
ABC00002	J20	7	64	19	40	25	7	52	57	54	6	11	97	26	94	27	89	70	98	31	63
ABC00002	J21	37	3	13	7	70	31	66	96	85	46	35	55	51	17	91	55	38	14	1	65
ABC00002	J22	42	12	43	29	26	45	57	90	28	16	56	4	80	57	67	2	9	95	22	13
ABC00002	J23	32	43	38	43	51	26	4	91	60	59	3	81	46	28	24	1	98	21	52	38
ABC00002	J24	37	28	5	75	21	16	11	43	28	68	47	32	72	99	28	58	70	25	72	38
ABC00002	K01	45	72	81	63	5	89	91	85	37	12	69	59	34	36	7	81	88	53	100	41
ABC00002	K02	71	10	38	40	11	54	78	0	48	53	59	11	71	100	71	65	71	83	5	51
ABC00002	K03	36	4	73	52	78	2	0	66	13	79	15	0	29	18	3	42	10	7	50	76
ABC00002	K04	54	2	96	22	7	6	8	36	43	17	80	83	12	88	61	14	68	70	3	85
ABC00002	K05	64	30	30	76	23	75	76	21	47	36	18	67	100	83	24	80	49	79	59	25
ABC00002	K06	87	51	1	52	74	97	5	47	21	91	71	40	30	33	99	33	1	27	90	28
ABC00002	K07	75	72	95	1	18	45	50	72	19	73	81	64	12	88	20	10	31	24	2	46
ABC00002	K08	33	55	41	94	97	17	5	94	98	14	26	98	73	84	41	41	62	63	89	66
ABC00002	K09	15	84	48	81	52	25	63	18	43	83	78	66	79	43	82	12	49	98	65	48
ABC00002	K10	44	20	78	69	53	98	78	76	84	100	30	90	100	91	100	73	63	31	47	88
ABC00002	K11	79	9	55	47	38	1	31	41	65	57	92	65	92	7	69	51	51	87	94	30
ABC00002	K12	78	41	25	43	36	84	95	10	8	96	13	35	69	52	57	91	90	25	100	51
ABC00002	K13	92	32	83	99	79	69	61	90	37	31	42	88	31	81	90	56	23	83	67	56
ABC00002	K14	24	91	9	58	72	43	21	16	94	76	45	42	62	62	53	7	53	75	19	87
ABC00002	K15	44	71	94	25	49	19	59	63	97	93	57	66	65	70	68	14	37	33	72	89
ABC00002	K16	93	46	17	3	83	15	46	1	91	6	23	0	78	79	9	60	2	92	64	41
ABC00002	K17	37	32	66	67	59	62	90	53	56	0	81	90	13	33	26	66	18	48	12	65
ABC00002	K18	52	54	57	22	23	39	56	70	84	8	62	70	68	97	7	56	9	39	27	63
ABC00002	K19	47	53	9	90	88	18	17	38	58	71	94	63	35	89	18	43	1	51	70	58
ABC00002	K20	44	49	18	81	98	63	4	83	91	53	28	9	19	15	87	57	81	47	76	21
ABC00002	K21	21	41	79	4	35	30	98	89	0	75	100	7	78	32	42	20	26	65	87	87
ABC00002	K22	64	9	53	85	48	47	41	51	51	78	21	33	20	48	39	77	99	1	40	27
ABC00002	K23	41	23	67	64	74	28	27	44	18	64	63	68	1	58	0	63	51	37	68	59
ABC00002	K24	62	7	77	55	11	100	52	89	9	97	17	20	38	84	55	32	79	40	45	5
ABC00002	L01	4	68	56	24	23	98	90	35	67	11	91	22	20	93	42	69	66	24	27	56
ABC00002	L02	2	22	16	7	25	7	2	63	50	35	94	12	85	9	98	64	34	39	19	22
ABC00002	L03	29	26	12	26	24	84	3	2	18	9	57	60	37	30	100	25	8	72	56	23
ABC00002	L04	90	17	32	77	27	93	14	67	59	28	50	28	2	44	57	79	78	58	54	34
ABC00002	L05	4	99	29	55	78	47	57	46	99	46	61	66	25	51	99	71	13	19	27	17
ABC00002	L06	84	67	98	22	42	17	68	69	54	14	1	20	37	75	14	94	9	15	24	5
ABC00002	L07	74	0	49	10	43	78	14	25	49	99	55	70	66	36	43	20	70	67	55	49
ABC00002	L08	72	67	94	26	23	23	50	7	86	54	68	64	62	63	53	0	56	53	7	20
ABC00002	L09	61	16	70	73	76	22	52	100	95	64	28	2	99	23	79	62	66	79	83	58
ABC00002	L10	65	92	35	24	96	93	68	81	99	99	62	80	52	86	95	0	34	33	44	20
ABC00002	L11	67	54	89	93	7	98	45	54	48	71	87	81	59	45	86	47	14	96	16	24
ABC00002	L12	81	57	18	19	47	22	98	58	23	45	6	24	49	64	84	57	64	20	71	96
ABC00002	L13	26	17	83	41	54	29	20	25	89	99	91	44	84	81	49	52	94	27	49	1
ABC00002	L14	75	40	7	28	7	10	60	36	76	77	92	33	69	27	94	9	76	51	52	53
ABC00002	L15	97	96	1	25	45	15	55	58	84	67	9	84	33	73	85	24	15	53	3	0
ABC00002	L16	56	72	71	10	34	67	14	68	100	67	7	43	78	99	76	62	93	87	45	51
ABC00002	L17	57	4	81	11	15	6	95	85	78	70	51	8	22	72	27	58	26	89	1	12
ABC00002	L18	26	78	54	34	8	73	32	100	96	47	91	70	37	51	78	95	83	34	45	24
ABC00002	L19	43	75	74	69	8	63	23	99	20	40	29	78	0	27	11	27	66	43	92	65
ABC00002	L20	33	52	6	61	8	80	34	66	2	2	60	98	76	84	45	17	90	83	53	88
ABC00002	L21	19	53	59	88	30	27	64	68	15	26	67	47	24	100	19	77	8	98	72	5
ABC00002	L22	73	32	40	97	61	47	30	41	69	62	22	15	60	36	78	80	95	31	56	96
ABC00002	L23	61	62	36	40	95	96	6	62	68	99	100	88	48	38	85	84	4	84	29	20
ABC00002	L24	74	96	8	56	59	24	42	84	3	39	10	20	56	85	59	12	63	10	37	8
ABC00002	M01	100	57	44	27	67	20	40	72	59	39	45	6	47	85	35	6	6	32	82	46
ABC00002	M02	75	55	3	1	37	8	17	78	8	38	0	41	9	66	76	13	63	13	63	17
ABC00002	M03	57	88	43	82	82	41	80	36	71	64	14	43	93	22	14	70	12	84	46	83
ABC00002	M04	11	76	38	67	62	57	17	43	65	48	91	21	3	34	40	85	61	97	52	18
ABC00002	M05	9	100	92	37	33	23	93	76	50	39	11	82	7	96	95	100	53	38	88	79
ABC00002	M06	90	69	100	80	65	71	68	85	10	89	22	73	58	54	96	75	40	0	20	23
ABC00002	M07	14	73	50	65	4	29	67	17	51	7	97	0	69	23	56	28	73	92	58	16
ABC00002	M08	24	5	46	67	70	37	39	25	28	63	30	11	69	52	90	95	63	73	86	45
ABC00002	M09	48	46	78	23	57	50	68	73	20	63	47	17	8	56	88	27	94	1	60	74
ABC00002	M10	81	37	2	4	78	67	20	98	66	98	76	91	38	24	63	75	89	40	76	45
ABC00002	M11	88	80	1	62	89	32	63	70	63	75	54	74	24	19	89	88	87	80	82	24
ABC00002	M12	56	25	6	68	11	74	21	57	12	55	85	32	64	77	1	0	72	43	77	67
ABC00002	M13	24	30	2	68	97	7	62	69	80	94	54	51	17	33	23	58	53	70	12	35
ABC00002	M14	62	1	99	99	0	64	5	99	77	28	2	3	96	100	95	17	63	82	87	45
ABC00002	M15	2	92	43	62	22	72	23	66	53	14	45	13	57	83	71	68	95	39	62	92
ABC00002	M16	57	30	71	72	11	50	29	76	97	85	13	39	2	26	14	56	21	65	23	15
ABC00002	M17	68	65	72	53	72	83	39	87	70	24	85	79	30	58	77	96	19	50	82	4
ABC00002	M18	59	44	13	87	94	69	57	10	88	57	94	80	7	75	89	62	18	88	6	21
ABC00002	M19	53	41	48	55	65	98	98	26	68	24	19	98	23	81	74	29	92	27	21	82
ABC00002	M20	17	50	78	68	22	76	95	78	58	1	5	0	51	53	37	64	28	60	17	95
ABC00002	M21	4	38	71	75	69	16	28	58	4	14	78	30	53	72	60	33	54	31	16	8
ABC00002	M22	82	76	69	96	49	79	95	60	1	99	93	80	14	11	40	29	66	94	14	88
ABC00002	M23	58	99	99	71	100	39	12	16	14	42	4	79	10	16	83	68	98	72	57	92
ABC00002	M24	23	47	44	80	4	50	31	47	77	85	17	3	54	66	14	61	50	4	36	35
ABC00002	N01	29	47	22	78	35	5	1	25	79	57	50	46	24	63	34	4	37	90	16	66
ABC00002	N02	33	51	79	80	20	77	35	87	30	74	33	32	0	78	11	54	70	27	5	91
ABC00002	N03	28	17	69	61	88	67	35	49	88	46	45	22	35	64	7	86	39	26	29	49
ABC00002	N04	91	63	87	27	81	77	78	80	10	30	33	46	28	72	1	76	85	52	33	18
ABC00002	N05	9	47	50	8	61	89	20	29	33	98	30	86	65	12	18	18	94	71	21	63
ABC00002	N06	86	54	4	9	1	70	60	78	85	1	7	36	83	100	94	34	46	10	69	20
ABC00002	N07	84	8	29	90	3	55	99	61	36	91	60	51	39	73	69	14	67	56	80	7
ABC00002	N08	30	57	3	7	87	42	59	2	24	56	13	94	80	33	2	16	87	8	61	3
ABC00002	N09	12	76	47	82	26	25	18	40	20	83	50	37	55	10	4	35	94	68	42	94
ABC00002	N10	56	72	80	26	68	68	98	36	70	94	9	29	70	57	25	15	78	69	53	4
ABC00002	N11	84	74	29	42	23	6	46	13	3	31	29	54	80	1	36	18	4	73	18	60
ABC00002	N12	75	74	38	25	25	59	82	83	81	31	18	62	15	61	17	35	98	19	51	73
ABC00002	N13	9	5	63	62	31	45	20	22	59	85	0	51	25	61	38	83	67	7	67	53
ABC00002	N14	13	81	48	72	72	20	50	52	74	20	56	2	39	1	87	45	89	85	60	99
ABC00002	N15	66	6	35	48	11	63	7	24	61	34	34	18	15	25	17	32	79	38	61	69
ABC00002	N16	71	28	21	51	3	45	26	79	19	47	43	70	77	92	28	82	30	35	40	71
ABC00002	N17	73	42	35	9	13	94	90	38	71	14	90	15	3	62	95	99	69	96	61	46
ABC00002	N18	29	49	76	92	86	55	4	48	6	8	90	94	75	91	10	9	70	84	50	76
ABC00002	N19	32	65	52	24	31	45	58	80	43	0	25	10	68	32	57	17	6	41	54	2
ABC00002	N20	12	81	51	68	11	94	57	81	74	80	74	65	94	34	94	11	61	48	8	15
ABC00002	N21	98	81	79	35	41	33	91	40	54	48	86	74	66	59	98	70	9	97	56	57
ABC00002	N22	49	36	46	69	55	10	0	47	32	92	22	79	72	71	3	55	67	41	36	68
ABC00002	N23	73	51	13	30	44	63	71	17	25	87	64	91	68	71	43	99	21	66	57	92
ABC00002	N24	56	32	31	17	36	19	80	12	96	93	46	83	13	30	9	8	68	12	49	67
ABC00002	O01	58	38	19	29	91	23	42	54	66	78	85	77	40	57	2	50	67	14	52	31
ABC00002	O02	42	30	39	31	77	53	47	53	71	11	91	35	77	57	23	32	48	43	97	97
ABC00002	O03	26	20	10	88	64	68	54	93	76	16	46	20	10	10	35	19	15	0	69	37
ABC00002	O04	72	0	33	1	72	41	40	32	14	16	98	56	16	41	21	86	91	29	25	37
ABC00002	O05	65	10	41	37	22	67	87	41	36	24	1	9	35	11	15	72	47	56	57	56
ABC00002	O06	26	23	27	6	91	65	75	20	63	18	63	28	7	47	54	94	88	14	14	81
ABC00002	O07	24	38	17	27	5	60	66	72	96	26	21	9	91	34	80	37	87	80	37	50
ABC00002	O08	80	95	76	47	15	71	87	17	2	62	100	3	42	68	15	4	34	89	35	21
ABC00002	O09	91	13	96	9	26	7	13	100	15	6	12	70	11	61	43	73	65	25	57	60
ABC00002	O10	26	64	77	56	100	13	11	14	51	61	87	82	6	29	27	84	90	46	59	45
ABC00002	O11	28	11	81	9	91	36	81	78	1	46	27	79	57	37	14	7	51	2	39	59
ABC00002	O12	81	28	76	40	68	41	73	10	33	54	17	0	15	4	45	46	50	30	95	85
ABC00002	O13	25	87	12	89	45	58	49	85	79	87	11	2	52	99	27	66	91	19	19	0
ABC00002	O14	50	75	85	74	99	71	60	95	60	100	15	66	68	98	86	24	60	0	8	6
ABC00002	O15	38	35	72	33	73	16	58	65	72	86	82	7	80	87	86	3	40	63	12	97
ABC00002	O16	78	22	2	100	77	81	41	69	60	92	24	1	50	77	76	20	68	59	17	47
ABC00002	O17	57	10	20	79	71	78	76	38	30	15	51	92	84	72	95	88	80	96	56	77
ABC00002	O18	83	40	97	16	74	48	27	8	96	99	39	43	45	90	27	15	20	18	89	23
ABC00002	O19	41	58	25	20	38	97	33	4	91	89	16	14	41	76	19	91	31	1	82	75
ABC00002	O20	34	66	99	25	75	8	21	38	19	57	77	36	25	69	23	77	52	4	20	20
ABC00002	O21	87	77	40	38	81	22	63	46	63	48	84	96	54	78	26	9	78	31	12	8
ABC00002	O22	63	80	70	3	5	64	20	77	91	79	15	34	23	31	64	84	12	29	72	33
ABC00002	O23	88	3	70	11	22	67	82	70	8	43	90	35	37	21	86	99	98	92	59	49
ABC00002	O24	65	11	39	81	53	58	76	74	0	86	44	72	50	40	87	19	47	65	49	59
ABC00002	P01	69	72	58	4	88	77	39	34	18	43	55	98	6	15	53	41	99	41	76	9
ABC00002	P02	35	61	84	91	74	37	90	48	39	95	55	71	98	0	50	27	20	24	42	86
ABC00002	P03	82	65	95	71	18	79	15	11	70	17	96	70	26	69	23	36	74	22	89	100
ABC00002	P04	13	51	79	70	27	92	32	53	91	14	25	60	84	100	38	68	87	26	52	60
ABC00002	P05	97	3	73	16	95	11	16	4	14	33	92	65	75	89	17	18	96	96	11	84
ABC00002	P06	68	62	26	51	83	26	45	60	49	49	55	18	48	12	38	6	59	96	72	3
ABC00002	P07	29	86	13	99	97	34	7	85	1	67	59	24	83	23	4	56	77	38	81	14
ABC00002	P08	65	24	13	15	99	13	93	52	91	90	13	9	7	20	43	54	15	71	46	52
ABC00002	P09	82	91	52	5	86	26	51	84	40	34	72	57	88	57	56	66	69	38	45	55
ABC00002	P10	17	21	84	57	5	99	14	38	64	93	34	5	31	44	85	1	50	95	6	66
ABC00002	P11	33	24	77	40	85	0	99	8	84	95	34	13	65	43	20	90	65	81	92	73
ABC00002	P12	13	69	68	57	16	56	20	88	69	5	73	82	73	19	29	42	30	0	90	70
ABC00002	P13	15	40	83	78	6	96	15	83	60	54	18	49	91	32	6	93	15	45	96	29
ABC00002	P14	80	70	14	70	50	27	30	48	25	65	27	33	57	34	57	75	97	87	70	26
ABC00002	P15	85	33	88	17	61	28	1	29	32	3	2	62	84	41	76	0	100	26	4	28
ABC00002	P16	70	83	91	24	99	11	42	55	95	91	54	80	45	9	15	89	38	55	13	69
ABC00002	P17	88	16	61	95	87	0	95	24	39	85	1	24	86	10	21	35	64	15	93	95
ABC00002	P18	100	20	90	80	65	33	77	97	1	7	40	30	19	54	92	94	32	87	43	98
ABC00002	P19	6	18	47	11	51	26	16	23	67	89	50	32	37	89	28	19	44	8	34	67
ABC00002	P20	46	46	58	100	20	1	60	43	31	38	10	28	2	78	33	79	58	46	53	20
ABC00002	P21	86	95	58	4	9	93	18	98	87	85	39	41	28	83	31	48	50	0	9	30
ABC00002	P22	66	47	14	36	42	16	2	1	74	34	58	78	84	24	3	88	97	9	64	55
ABC00002	P23	78	76	64	14	75	59	54	13	66	6	2	92	82	49	42	81	52	16	2	10
ABC00002	P24	87	46	73	44	18	36	23	87	15	83	45	39	88	95	47	13	47	83	39	18